"FABLE_Exporter","FABLE_Item","Year","prodprice_i_agg"
"R_NEU","Corn",2000,127.7
"R_NEU","Soyabean",2000,207.3
"R_NEU","Wheat",2000,129.1
"R_NMC","Wheat",2000,181.3
"ARG","Corn",2000,82
"ARG","Rice",2000,116.1
"ARG","Soyabean",2000,180.1
"ARG","Wheat",2000,108.1
"R_NMC","Wheat",2000,181.3
"AUS","Corn",2000,88.7
"AUS","Rice",2000,154.8
"AUS","Soyabean",2000,199.4
"AUS","Wheat",2000,113.1
"R_OEU","Corn",2000,100.45
"R_OEU","Soyabean",2000,190.95
"R_OEU","Wheat",2000,101.8
"R_NMC","Corn",2000,164.4
"R_NMC","Rice",2000,259.4
"R_NMC","Wheat",2000,181.3
"R_ASP","Rice",2000,162.1
"R_ASP","Wheat",2000,154.6
"R_NEU","Corn",2000,127.7
"R_NEU","Wheat",2000,129.1
"R_OEU","Wheat",2000,101.8
"R_CSA","Corn",2000,211.05
"R_CSA","Rice",2000,211.7
"R_ASP","Corn",2000,178
"R_ASP","Rice",2000,162.1
"R_ASP","Soyabean",2000,311.5
"R_ASP","Wheat",2000,154.6
"R_CSA","Cocoa",2000,640
"R_CSA","Coffee",2000,1410.4
"R_CSA","Corn",2000,211.05
"R_CSA","Rice",2000,211.7
"R_CSA","Soyabean",2000,190
"R_CSA","Wheat",2000,185.45
"R_NEU","Corn",2000,127.7
"R_NEU","Soyabean",2000,207.3
"R_NEU","Wheat",2000,129.1
"R_SSA","Corn",2000,125.7
"BRA","Cocoa",2000,757.6
"BRA","Coffee",2000,676.7
"BRA","Corn",2000,110.4
"BRA","Rice",2000,136.1
"BRA","Soyabean",2000,156.3
"BRA","Wheat",2000,118.6
"R_ASP","Corn",2000,178
"R_ASP","Rice",2000,162.1
"R_OEU","Corn",2000,100.45
"R_OEU","Rice",2000,243.7
"R_OEU","Soyabean",2000,190.95
"R_OEU","Wheat",2000,101.8
"R_SSA","Corn",2000,125.7
"R_SSA","Rice",2000,165.7
"R_SSA","Soyabean",2000,260.4
"R_SSA","Corn",2000,125.7
"R_ASP","Corn",2000,178
"R_ASP","Rice",2000,162.1
"R_ASP","Soyabean",2000,311.5
"R_SSA","Cocoa",2000,490.15
"R_SSA","Coffee",2000,573.65
"R_SSA","Palm Oil",2000,554.55
"CAN","Soyabean",2000,177.1
"CAN","Wheat",2000,91.6
"R_CSA","Corn",2000,211.05
"R_CSA","Rice",2000,211.7
"R_CSA","Wheat",2000,185.45
"CHN","Corn",2000,410.7
"CHN","Rice",2000,205.4
"CHN","Soyabean",2000,287.5
"CHN","Wheat",2000,118.3
"COL","Cocoa",2000,1075.5
"COL","Coffee",2000,1348
"COL","Corn",2000,201.9
"COL","Palm Oil",2000,385.2
"COL","Rice",2000,198.1
"COL","Soyabean",2000,309
"COL","Wheat",2000,200.1
"R_SSA","Cocoa",2000,490.15
"R_SSA","Coffee",2000,573.65
"R_SSA","Corn",2000,125.7
"R_SSA","Rice",2000,165.7
"R_CSA","Coffee",2000,1410.4
"R_CSA","Corn",2000,211.05
"R_CSA","Rice",2000,211.7
"R_SSA","Cocoa",2000,490.15
"R_SSA","Coffee",2000,573.65
"R_SSA","Corn",2000,125.7
"R_SSA","Palm Oil",2000,554.55
"R_SSA","Rice",2000,165.7
"R_OEU","Corn",2000,100.45
"R_OEU","Soyabean",2000,190.95
"R_OEU","Wheat",2000,101.8
"R_OEU","Wheat",2000,101.8
"R_OEU","Corn",2000,100.45
"R_OEU","Wheat",2000,101.8
"DNK","Wheat",2000,110
"R_CSA","Cocoa",2000,640
"R_CSA","Coffee",2000,1410.4
"R_CSA","Corn",2000,211.05
"R_CSA","Rice",2000,211.7
"R_CSA","Cocoa",2000,640
"R_CSA","Coffee",2000,1410.4
"R_CSA","Corn",2000,211.05
"R_CSA","Rice",2000,211.7
"R_CSA","Soyabean",2000,190
"R_CSA","Wheat",2000,185.45
"R_NMC","Corn",2000,164.4
"R_NMC","Rice",2000,259.4
"R_NMC","Soyabean",2000,302.4
"R_NMC","Wheat",2000,181.3
"R_CSA","Coffee",2000,1410.4
"R_CSA","Corn",2000,211.05
"R_CSA","Rice",2000,211.7
"R_OEU","Wheat",2000,101.8
"ETH","Coffee",2000,882.3
"ETH","Corn",2000,119.3
"ETH","Soyabean",2000,158.2
"ETH","Wheat",2000,199.2
"R_ASP","Cocoa",2000,614.9
"R_ASP","Corn",2000,178
"R_ASP","Rice",2000,162.1
"FIN","Wheat",2000,124.1
"R_OEU","Corn",2000,100.45
"R_OEU","Rice",2000,243.7
"R_OEU","Soyabean",2000,190.95
"R_OEU","Wheat",2000,101.8
"R_SSA","Corn",2000,125.7
"R_SSA","Palm Oil",2000,554.55
"R_SSA","Rice",2000,165.7
"R_NMC","Wheat",2000,181.3
"DEU","Corn",2000,109.6
"DEU","Wheat",2000,106.8
"R_SSA","Cocoa",2000,490.15
"R_SSA","Corn",2000,125.7
"R_SSA","Palm Oil",2000,554.55
"R_SSA","Rice",2000,165.7
"GRC","Corn",2000,142.9
"GRC","Rice",2000,245.6
"GRC","Wheat",2000,122.3
"R_SSA","Cocoa",2000,490.15
"R_SSA","Coffee",2000,573.65
"R_SSA","Corn",2000,125.7
"R_SSA","Rice",2000,165.7
"R_SSA","Rice",2000,165.7
"R_CSA","Coffee",2000,1410.4
"R_CSA","Corn",2000,211.05
"R_CSA","Rice",2000,211.7
"R_OEU","Corn",2000,100.45
"R_OEU","Rice",2000,243.7
"R_OEU","Soyabean",2000,190.95
"R_OEU","Wheat",2000,101.8
"IND","Corn",2000,110.8
"IND","Rice",2000,132.6
"IND","Soyabean",2000,192.5
"IND","Wheat",2000,147.9
"IDN","Coffee",2000,917.5
"IDN","Corn",2000,110.5
"IDN","Rice",2000,127.1
"IDN","Soyabean",2000,269.3
"R_NMC","Corn",2000,164.4
"R_NMC","Rice",2000,259.4
"R_NMC","Soyabean",2000,302.4
"R_NMC","Wheat",2000,181.3
"IRL","Wheat",2000,94.8
"R_NMC","Corn",2000,164.4
"R_NMC","Wheat",2000,181.3
"R_OEU","Corn",2000,100.45
"R_OEU","Rice",2000,243.7
"R_OEU","Wheat",2000,101.8
"R_CSA","Cocoa",2000,640
"R_CSA","Coffee",2000,1410.4
"R_CSA","Corn",2000,211.05
"R_CSA","Rice",2000,211.7
"R_ASP","Rice",2000,162.1
"R_ASP","Soyabean",2000,311.5
"R_ASP","Wheat",2000,154.6
"R_NMC","Corn",2000,164.4
"R_NMC","Wheat",2000,181.3
"R_NMC","Corn",2000,164.4
"R_NMC","Rice",2000,259.4
"R_NMC","Wheat",2000,181.3
"R_SSA","Coffee",2000,573.65
"R_SSA","Corn",2000,125.7
"R_SSA","Rice",2000,165.7
"R_SSA","Wheat",2000,174.1
"R_NMC","Corn",2000,164.4
"R_NMC","Rice",2000,259.4
"R_NMC","Wheat",2000,181.3
"R_ASP","Coffee",2000,802.6
"R_ASP","Corn",2000,178
"R_ASP","Rice",2000,162.1
"R_ASP","Soyabean",2000,311.5
"R_OEU","Wheat",2000,101.8
"R_NMC","Corn",2000,164.4
"R_NMC","Wheat",2000,181.3
"R_OEU","Wheat",2000,101.8
"R_OEU","Corn",2000,100.45
"R_OEU","Wheat",2000,101.8
"R_SSA","Cocoa",2000,490.15
"R_SSA","Coffee",2000,573.65
"R_SSA","Corn",2000,125.7
"R_SSA","Rice",2000,165.7
"R_SSA","Wheat",2000,174.1
"R_SSA","Corn",2000,125.7
"R_SSA","Rice",2000,165.7
"R_SSA","Soyabean",2000,260.4
"R_ASP","Cocoa",2000,614.9
"R_ASP","Palm Oil",2000,262.1
"R_SSA","Corn",2000,125.7
"R_SSA","Rice",2000,165.7
"R_SSA","Corn",2000,125.7
"MEX","Cocoa",2000,929.9
"MEX","Coffee",2000,305
"MEX","Corn",2000,159.5
"MEX","Rice",2000,155.2
"MEX","Soyabean",2000,190.7
"MEX","Wheat",2000,155.2
"R_ASP","Wheat",2000,154.6
"R_NMC","Corn",2000,164.4
"R_NMC","Wheat",2000,181.3
"R_SSA","Corn",2000,125.7
"R_SSA","Rice",2000,165.7
"R_SSA","Corn",2000,125.7
"R_SSA","Wheat",2000,174.1
"NPL","Corn",2000,128
"NPL","Rice",2000,128.6
"NPL","Soyabean",2000,365.3
"NPL","Wheat",2000,133.8
"R_OEU","Corn",2000,100.45
"R_OEU","Wheat",2000,101.8
"R_ASP","Corn",2000,178
"R_ASP","Wheat",2000,154.6
"R_CSA","Cocoa",2000,640
"R_CSA","Corn",2000,211.05
"R_CSA","Rice",2000,211.7
"R_CSA","Soyabean",2000,190
"R_SSA","Corn",2000,125.7
"R_SSA","Rice",2000,165.7
"R_SSA","Wheat",2000,174.1
"R_SSA","Cocoa",2000,490.15
"R_SSA","Coffee",2000,573.65
"R_SSA","Soyabean",2000,260.4
"R_NEU","Corn",2000,127.7
"R_NEU","Rice",2000,242.8
"R_NEU","Wheat",2000,129.1
"NOR","Wheat",2000,245.5
"R_NMC","Corn",2000,164.4
"R_NMC","Soyabean",2000,302.4
"R_NMC","Wheat",2000,181.3
"R_NMC","Corn",2000,164.4
"R_NMC","Wheat",2000,181.3
"R_CSA","Coffee",2000,1410.4
"R_CSA","Corn",2000,211.05
"R_CSA","Rice",2000,211.7
"R_CSA","Coffee",2000,1410.4
"R_CSA","Corn",2000,211.05
"R_CSA","Rice",2000,211.7
"R_CSA","Soyabean",2000,190
"R_CSA","Wheat",2000,185.45
"R_CSA","Cocoa",2000,640
"R_CSA","Coffee",2000,1410.4
"R_CSA","Corn",2000,211.05
"R_CSA","Rice",2000,211.7
"R_CSA","Soyabean",2000,190
"R_CSA","Wheat",2000,185.45
"R_ASP","Cocoa",2000,614.9
"R_ASP","Coffee",2000,802.6
"R_ASP","Corn",2000,178
"R_ASP","Rice",2000,162.1
"R_ASP","Soyabean",2000,311.5
"R_OEU","Corn",2000,100.45
"R_OEU","Wheat",2000,101.8
"R_OEU","Corn",2000,100.45
"R_OEU","Rice",2000,243.7
"R_OEU","Wheat",2000,101.8
"R_NMC","Corn",2000,164.4
"R_NMC","Wheat",2000,181.3
"R_ASP","Corn",2000,178
"R_ASP","Rice",2000,162.1
"R_ASP","Soyabean",2000,311.5
"R_NEU","Corn",2000,127.7
"R_NEU","Wheat",2000,129.1
"R_OEU","Corn",2000,100.45
"R_OEU","Soyabean",2000,190.95
"R_OEU","Wheat",2000,101.8
"RUS","Corn",2000,93
"RUS","Wheat",2000,77.5
"RWA","Coffee",2000,592.8
"RWA","Corn",2000,213
"RWA","Rice",2000,587.6
"RWA","Soyabean",2000,402.9
"RWA","Wheat",2000,351.6
"R_NMC","Wheat",2000,181.3
"R_SSA","Corn",2000,125.7
"R_SSA","Rice",2000,165.7
"R_NEU","Corn",2000,127.7
"R_NEU","Soyabean",2000,207.3
"R_NEU","Wheat",2000,129.1
"R_OEU","Corn",2000,100.45
"R_OEU","Soyabean",2000,190.95
"R_OEU","Wheat",2000,101.8
"R_OEU","Corn",2000,100.45
"R_OEU","Wheat",2000,101.8
"R_SSA","Corn",2000,125.7
"R_SSA","Soyabean",2000,260.4
"R_SSA","Wheat",2000,174.1
"R_OEU","Corn",2000,100.45
"R_OEU","Rice",2000,243.7
"R_OEU","Soyabean",2000,190.95
"R_OEU","Wheat",2000,101.8
"R_ASP","Coffee",2000,802.6
"R_ASP","Corn",2000,178
"R_ASP","Rice",2000,162.1
"R_ASP","Soyabean",2000,311.5
"R_CSA","Corn",2000,211.05
"R_CSA","Rice",2000,211.7
"R_CSA","Soyabean",2000,190
"SWE","Wheat",2000,106.2
"R_NEU","Corn",2000,127.7
"R_NEU","Wheat",2000,129.1
"R_NMC","Corn",2000,164.4
"R_NMC","Rice",2000,259.4
"R_NMC","Wheat",2000,181.3
"R_ASP","Coffee",2000,802.6
"R_ASP","Corn",2000,178
"R_ASP","Rice",2000,162.1
"R_ASP","Soyabean",2000,311.5
"R_SSA","Cocoa",2000,490.15
"R_SSA","Coffee",2000,573.65
"R_SSA","Corn",2000,125.7
"R_SSA","Rice",2000,165.7
"R_CSA","Corn",2000,211.05
"R_CSA","Rice",2000,211.7
"R_NMC","Wheat",2000,181.3
"TUR","Corn",2000,164.7
"TUR","Rice",2000,398.7
"TUR","Soyabean",2000,234.6
"TUR","Wheat",2000,159.5
"R_NMC","Rice",2000,259.4
"R_OEU","Corn",2000,100.45
"R_OEU","Rice",2000,243.7
"R_OEU","Wheat",2000,101.8
"GBR","Wheat",2000,113.5
"R_SSA","Corn",2000,125.7
"USA","Coffee",2000,5842
"USA","Corn",2000,73
"USA","Rice",2000,124
"USA","Soyabean",2000,167
"USA","Wheat",2000,96
"R_CSA","Corn",2000,211.05
"R_CSA","Rice",2000,211.7
"R_CSA","Soyabean",2000,190
"R_CSA","Wheat",2000,185.45
"R_ASP","Cocoa",2000,614.9
"R_ASP","Coffee",2000,802.6
"R_ASP","Corn",2000,178
"R_CSA","Cocoa",2000,640
"R_CSA","Coffee",2000,1410.4
"R_CSA","Corn",2000,211.05
"R_CSA","Rice",2000,211.7
"R_ASP","Coffee",2000,802.6
"R_ASP","Corn",2000,178
"R_ASP","Rice",2000,162.1
"R_NMC","Coffee",2000,1645.1
"R_NMC","Corn",2000,164.4
"R_NMC","Wheat",2000,181.3
"R_NEU","Corn",2005,146.4
"R_NEU","Soyabean",2005,267.1
"R_NEU","Wheat",2005,157.1
"R_NMC","Wheat",2005,208.2
"ARG","Corn",2005,70.3
"ARG","Soyabean",2005,170.5
"ARG","Wheat",2005,100.9
"R_NMC","Wheat",2005,208.2
"AUS","Corn",2005,147.4
"AUS","Rice",2005,226.8
"AUS","Soyabean",2005,289.4
"AUS","Wheat",2005,150.4
"R_OEU","Corn",2005,115.1
"R_OEU","Soyabean",2005,261.3
"R_OEU","Wheat",2005,117.9
"R_NMC","Corn",2005,179.3
"R_NMC","Rice",2005,392.2
"R_NMC","Soyabean",2005,320.1
"R_NMC","Wheat",2005,208.2
"R_ASP","Wheat",2005,183.7
"R_NEU","Corn",2005,146.4
"R_NEU","Wheat",2005,157.1
"R_OEU","Wheat",2005,117.9
"R_ASP","Corn",2005,204.8
"R_ASP","Rice",2005,189.3
"R_ASP","Wheat",2005,183.7
"R_CSA","Cocoa",2005,1137.8
"R_CSA","Coffee",2005,1583.7
"R_CSA","Corn",2005,232.1
"R_CSA","Rice",2005,230
"R_CSA","Soyabean",2005,199.2
"R_CSA","Wheat",2005,174.15
"R_NEU","Corn",2005,146.4
"R_NEU","Soyabean",2005,267.1
"R_NEU","Wheat",2005,157.1
"BRA","Coffee",2005,760.3
"BRA","Corn",2005,118.4
"BRA","Rice",2005,202.6
"BRA","Soyabean",2005,198.9
"BRA","Wheat",2005,142
"R_ASP","Corn",2005,204.8
"R_ASP","Rice",2005,189.3
"R_OEU","Corn",2005,115.1
"R_OEU","Rice",2005,214.1
"R_OEU","Soyabean",2005,261.3
"R_OEU","Wheat",2005,117.9
"R_SSA","Corn",2005,196.85
"R_SSA","Rice",2005,257.8
"R_SSA","Soyabean",2005,365.9
"R_SSA","Corn",2005,196.85
"R_ASP","Corn",2005,204.8
"R_ASP","Rice",2005,189.3
"R_ASP","Soyabean",2005,394.7
"R_SSA","Cocoa",2005,1061.35
"R_SSA","Coffee",2005,854.55
"CAN","Corn",2005,90
"CAN","Soyabean",2005,226.9
"CAN","Wheat",2005,98.2
"R_CSA","Corn",2005,232.1
"R_CSA","Rice",2005,230
"R_CSA","Wheat",2005,174.15
"CHN","Corn",2005,189.2
"CHN","Rice",2005,321
"CHN","Soyabean",2005,401.5
"CHN","Wheat",2005,171.2
"COL","Cocoa",2005,1596.4
"COL","Coffee",2005,1612.7
"COL","Corn",2005,217.9
"COL","Palm Oil",2005,469.3
"COL","Rice",2005,243.8
"COL","Soyabean",2005,356.8
"COL","Wheat",2005,234.1
"R_CSA","Coffee",2005,1583.7
"R_CSA","Corn",2005,232.1
"R_CSA","Rice",2005,230
"R_SSA","Cocoa",2005,1061.35
"R_SSA","Coffee",2005,854.55
"R_SSA","Corn",2005,196.85
"R_SSA","Palm Oil",2005,760.55
"R_SSA","Rice",2005,257.8
"R_OEU","Corn",2005,115.1
"R_OEU","Soyabean",2005,261.3
"R_OEU","Wheat",2005,117.9
"R_OEU","Wheat",2005,117.9
"R_OEU","Corn",2005,115.1
"R_OEU","Wheat",2005,117.9
"DNK","Wheat",2005,125.9
"R_CSA","Cocoa",2005,1137.8
"R_CSA","Coffee",2005,1583.7
"R_CSA","Corn",2005,232.1
"R_CSA","Rice",2005,230
"R_CSA","Cocoa",2005,1137.8
"R_CSA","Coffee",2005,1583.7
"R_CSA","Corn",2005,232.1
"R_CSA","Rice",2005,230
"R_CSA","Soyabean",2005,199.2
"R_CSA","Wheat",2005,174.15
"R_NMC","Corn",2005,179.3
"R_NMC","Rice",2005,392.2
"R_NMC","Soyabean",2005,320.1
"R_NMC","Wheat",2005,208.2
"R_CSA","Coffee",2005,1583.7
"R_CSA","Corn",2005,232.1
"R_CSA","Rice",2005,230
"R_OEU","Wheat",2005,117.9
"ETH","Coffee",2005,1438.5
"ETH","Corn",2005,144.6
"ETH","Soyabean",2005,171.9
"ETH","Wheat",2005,202
"R_ASP","Cocoa",2005,1327.3
"R_ASP","Corn",2005,204.8
"R_ASP","Rice",2005,189.3
"FIN","Wheat",2005,131.8
"R_OEU","Corn",2005,115.1
"R_OEU","Rice",2005,214.1
"R_OEU","Soyabean",2005,261.3
"R_OEU","Wheat",2005,117.9
"R_SSA","Corn",2005,196.85
"R_SSA","Rice",2005,257.8
"DEU","Corn",2005,119.4
"DEU","Wheat",2005,123.1
"R_SSA","Cocoa",2005,1061.35
"R_SSA","Corn",2005,196.85
"R_SSA","Palm Oil",2005,760.55
"R_SSA","Rice",2005,257.8
"GRC","Corn",2005,168.6
"GRC","Rice",2005,190.6
"GRC","Wheat",2005,172.6
"R_SSA","Corn",2005,196.85
"R_SSA","Rice",2005,257.8
"R_SSA","Corn",2005,196.85
"R_SSA","Rice",2005,257.8
"R_CSA","Cocoa",2005,1137.8
"R_CSA","Coffee",2005,1583.7
"R_CSA","Corn",2005,232.1
"R_CSA","Palm Oil",2005,NA
"R_CSA","Rice",2005,230
"R_OEU","Corn",2005,115.1
"R_OEU","Rice",2005,214.1
"R_OEU","Soyabean",2005,261.3
"R_OEU","Wheat",2005,117.9
"IND","Corn",2005,127.8
"IND","Rice",2005,203.6
"IND","Soyabean",2005,229
"IND","Wheat",2005,188.5
"IDN","Cocoa",2005,928.5
"IDN","Coffee",2005,658
"IDN","Corn",2005,137.9
"IDN","Rice",2005,210.1
"IDN","Soyabean",2005,401.2
"R_NMC","Corn",2005,179.3
"R_NMC","Rice",2005,392.2
"R_NMC","Soyabean",2005,320.1
"R_NMC","Wheat",2005,208.2
"R_NMC","Corn",2005,179.3
"R_NMC","Rice",2005,392.2
"R_NMC","Wheat",2005,208.2
"IRL","Wheat",2005,130.6
"R_NMC","Corn",2005,179.3
"R_NMC","Wheat",2005,208.2
"R_OEU","Corn",2005,115.1
"R_OEU","Rice",2005,214.1
"R_OEU","Soyabean",2005,261.3
"R_OEU","Wheat",2005,117.9
"R_CSA","Cocoa",2005,1137.8
"R_CSA","Coffee",2005,1583.7
"R_CSA","Corn",2005,232.1
"R_CSA","Rice",2005,230
"R_ASP","Rice",2005,189.3
"R_ASP","Soyabean",2005,394.7
"R_ASP","Wheat",2005,183.7
"R_NMC","Corn",2005,179.3
"R_NMC","Wheat",2005,208.2
"R_NMC","Corn",2005,179.3
"R_NMC","Rice",2005,392.2
"R_NMC","Wheat",2005,208.2
"R_SSA","Coffee",2005,854.55
"R_SSA","Corn",2005,196.85
"R_SSA","Rice",2005,257.8
"R_SSA","Wheat",2005,258.1
"R_NMC","Corn",2005,179.3
"R_NMC","Rice",2005,392.2
"R_NMC","Wheat",2005,208.2
"R_OEU","Wheat",2005,117.9
"R_NMC","Corn",2005,179.3
"R_NMC","Wheat",2005,208.2
"R_OEU","Corn",2005,115.1
"R_OEU","Wheat",2005,117.9
"R_OEU","Corn",2005,115.1
"R_OEU","Wheat",2005,117.9
"R_SSA","Corn",2005,196.85
"R_SSA","Rice",2005,257.8
"R_SSA","Soyabean",2005,365.9
"R_ASP","Palm Oil",2005,368.1
"R_ASP","Rice",2005,189.3
"R_SSA","Corn",2005,196.85
"R_SSA","Rice",2005,257.8
"MEX","Cocoa",2005,1639.9
"MEX","Coffee",2005,207.4
"MEX","Corn",2005,144.8
"MEX","Rice",2005,174.7
"MEX","Soyabean",2005,210.7
"MEX","Wheat",2005,149
"R_ASP","Wheat",2005,183.7
"R_NMC","Corn",2005,179.3
"R_NMC","Wheat",2005,208.2
"R_SSA","Corn",2005,196.85
"R_SSA","Rice",2005,257.8
"R_SSA","Corn",2005,196.85
"R_SSA","Wheat",2005,258.1
"NPL","Coffee",2005,1368.7
"NPL","Corn",2005,139.4
"NPL","Rice",2005,150.9
"NPL","Soyabean",2005,432.8
"NPL","Wheat",2005,165.2
"R_OEU","Corn",2005,115.1
"R_OEU","Wheat",2005,117.9
"R_ASP","Corn",2005,204.8
"R_ASP","Wheat",2005,183.7
"R_CSA","Cocoa",2005,1137.8
"R_CSA","Corn",2005,232.1
"R_CSA","Rice",2005,230
"R_CSA","Soyabean",2005,199.2
"R_SSA","Corn",2005,196.85
"R_SSA","Rice",2005,257.8
"R_SSA","Soyabean",2005,365.9
"R_SSA","Wheat",2005,258.1
"R_NEU","Corn",2005,146.4
"R_NEU","Rice",2005,681.509439011837
"R_NEU","Wheat",2005,157.1
"NOR","Wheat",2005,317.7
"R_NMC","Corn",2005,179.3
"R_NMC","Soyabean",2005,320.1
"R_NMC","Wheat",2005,208.2
"R_NMC","Corn",2005,179.3
"R_NMC","Wheat",2005,208.2
"R_CSA","Coffee",2005,1583.7
"R_CSA","Corn",2005,232.1
"R_CSA","Rice",2005,230
"R_CSA","Coffee",2005,1583.7
"R_CSA","Corn",2005,232.1
"R_CSA","Rice",2005,230
"R_CSA","Soyabean",2005,199.2
"R_CSA","Wheat",2005,174.15
"R_CSA","Cocoa",2005,1137.8
"R_CSA","Coffee",2005,1583.7
"R_CSA","Corn",2005,232.1
"R_CSA","Rice",2005,230
"R_CSA","Soyabean",2005,199.2
"R_CSA","Wheat",2005,174.15
"R_ASP","Cocoa",2005,1327.3
"R_ASP","Coffee",2005,714.8
"R_ASP","Corn",2005,204.8
"R_ASP","Rice",2005,189.3
"R_OEU","Corn",2005,115.1
"R_OEU","Wheat",2005,117.9
"R_OEU","Corn",2005,115.1
"R_OEU","Rice",2005,214.1
"R_OEU","Wheat",2005,117.9
"R_NMC","Corn",2005,179.3
"R_NMC","Wheat",2005,208.2
"R_ASP","Corn",2005,204.8
"R_ASP","Rice",2005,189.3
"R_ASP","Soyabean",2005,394.7
"R_NEU","Corn",2005,146.4
"R_NEU","Wheat",2005,157.1
"R_OEU","Corn",2005,115.1
"R_OEU","Soyabean",2005,261.3
"R_OEU","Wheat",2005,117.9
"RUS","Corn",2005,84.4
"RUS","Soyabean",2005,228.9
"RUS","Wheat",2005,88.7
"RWA","Coffee",2005,896.3
"R_NMC","Wheat",2005,208.2
"R_SSA","Corn",2005,196.85
"R_SSA","Rice",2005,257.8
"R_NEU","Corn",2005,146.4
"R_NEU","Soyabean",2005,267.1
"R_NEU","Wheat",2005,157.1
"R_OEU","Corn",2005,115.1
"R_OEU","Soyabean",2005,261.3
"R_OEU","Wheat",2005,117.9
"R_OEU","Corn",2005,115.1
"R_OEU","Wheat",2005,117.9
"R_SSA","Corn",2005,196.85
"R_SSA","Soyabean",2005,365.9
"R_SSA","Wheat",2005,258.1
"R_OEU","Corn",2005,115.1
"R_OEU","Rice",2005,214.1
"R_OEU","Soyabean",2005,261.3
"R_OEU","Wheat",2005,117.9
"R_ASP","Coffee",2005,714.8
"R_ASP","Corn",2005,204.8
"R_ASP","Rice",2005,189.3
"R_ASP","Soyabean",2005,394.7
"R_CSA","Corn",2005,232.1
"R_CSA","Rice",2005,230
"R_CSA","Soyabean",2005,199.2
"SWE","Wheat",2005,121.7
"R_NEU","Corn",2005,146.4
"R_NEU","Wheat",2005,157.1
"R_NMC","Corn",2005,179.3
"R_NMC","Rice",2005,392.2
"R_NMC","Wheat",2005,208.2
"R_ASP","Coffee",2005,714.8
"R_ASP","Corn",2005,204.8
"R_ASP","Rice",2005,189.3
"R_ASP","Soyabean",2005,394.7
"R_SSA","Cocoa",2005,1061.35
"R_SSA","Coffee",2005,854.55
"R_SSA","Corn",2005,196.85
"R_SSA","Rice",2005,257.8
"R_NMC","Wheat",2005,208.2
"TUR","Corn",2005,260.5
"TUR","Rice",2005,543.3
"TUR","Soyabean",2005,357.3
"TUR","Wheat",2005,267.9
"R_OEU","Corn",2005,115.1
"R_OEU","Rice",2005,214.1
"R_OEU","Wheat",2005,117.9
"GBR","Wheat",2005,132.7
"USA","Coffee",2005,10031
"USA","Corn",2005,79
"USA","Rice",2005,169
"USA","Soyabean",2005,208
"USA","Wheat",2005,126
"R_CSA","Corn",2005,232.1
"R_CSA","Rice",2005,230
"R_CSA","Soyabean",2005,199.2
"R_CSA","Wheat",2005,174.15
"R_ASP","Cocoa",2005,1327.3
"R_ASP","Coffee",2005,714.8
"R_ASP","Corn",2005,204.8
"R_CSA","Cocoa",2005,1137.8
"R_CSA","Coffee",2005,1583.7
"R_CSA","Corn",2005,232.1
"R_CSA","Rice",2005,230
"R_CSA","Soyabean",2005,199.2
"R_ASP","Coffee",2005,714.8
"R_ASP","Corn",2005,204.8
"R_ASP","Rice",2005,189.3
"R_NMC","Coffee",2005,3865.9
"R_NMC","Corn",2005,179.3
"R_NMC","Wheat",2005,208.2
"R_SSA","Corn",2005,196.85
"R_SSA","Soyabean",2005,365.9
"R_NEU","Corn",2010,225.2
"R_NEU","Soyabean",2010,464.6
"R_NEU","Wheat",2010,202.5
"R_NMC","Wheat",2010,311
"R_SSA","Coffee",2010,846
"R_SSA","Corn",2010,274.8
"R_SSA","Rice",2010,368.95
"R_SSA","Soyabean",2010,385.2
"ARG","Corn",2010,135.1
"ARG","Rice",2010,207.484474576271
"ARG","Soyabean",2010,262.7
"ARG","Wheat",2010,160.6
"R_NMC","Wheat",2010,311
"AUS","Rice",2010,419.2
"AUS","Wheat",2010,200
"R_OEU","Corn",2010,210.1
"R_OEU","Soyabean",2010,422.7
"R_OEU","Wheat",2010,210.6
"R_NMC","Corn",2010,276.8
"R_NMC","Rice",2010,394.65
"R_NMC","Wheat",2010,311
"R_ASP","Corn",2010,263.3
"R_ASP","Soyabean",2010,629.4
"R_ASP","Wheat",2010,359.184607384295
"R_NEU","Corn",2010,225.2
"R_NEU","Wheat",2010,202.5
"R_OEU","Wheat",2010,210.6
"R_SSA","Corn",2010,274.8
"R_SSA","Rice",2010,368.95
"R_ASP","Corn",2010,263.3
"R_ASP","Rice",2010,289.5
"R_ASP","Wheat",2010,359.184607384295
"R_CSA","Cocoa",2010,2146
"R_CSA","Coffee",2010,1938.75
"R_CSA","Corn",2010,378.25
"R_CSA","Rice",2010,340.216156369601
"R_CSA","Soyabean",2010,422.176875455208
"R_CSA","Wheat",2010,281.55
"R_NEU","Corn",2010,225.2
"R_NEU","Soyabean",2010,464.6
"R_NEU","Wheat",2010,202.5
"BRA","Cocoa",2010,480.2
"BRA","Coffee",2010,1963.20973184804
"BRA","Corn",2010,170
"BRA","Rice",2010,355.3
"BRA","Soyabean",2010,360
"BRA","Wheat",2010,233.1
"R_OEU","Corn",2010,210.1
"R_OEU","Rice",2010,355.65
"R_OEU","Soyabean",2010,422.7
"R_OEU","Wheat",2010,210.6
"R_SSA","Corn",2010,274.8
"R_ASP","Corn",2010,263.3
"R_ASP","Rice",2010,289.5
"R_ASP","Soyabean",2010,629.4
"R_SSA","Cocoa",2010,1210.34934811621
"R_SSA","Coffee",2010,846
"R_SSA","Corn",2010,274.8
"R_SSA","Palm Oil",2010,979.3
"R_SSA","Rice",2010,368.95
"CAN","Corn",2010,166.8
"CAN","Soyabean",2010,372.8
"CAN","Wheat",2010,177.1
"R_CSA","Corn",2010,378.25
"R_CSA","Rice",2010,340.216156369601
"R_CSA","Wheat",2010,281.55
"CHN","Coffee",2010,NA
"CHN","Corn",2010,273.3
"CHN","Palm Oil",2010,1011.8
"CHN","Rice",2010,296.6
"CHN","Soyabean",2010,738.5
"CHN","Wheat",2010,279.5
"COL","Cocoa",2010,2778.5
"COL","Coffee",2010,3237
"COL","Corn",2010,348.5
"COL","Palm Oil",2010,922.4
"COL","Rice",2010,438.4
"COL","Soyabean",2010,533.7
"COL","Wheat",2010,446.1
"R_SSA","Corn",2010,274.8
"R_SSA","Palm Oil",2010,979.3
"R_SSA","Rice",2010,368.95
"R_CSA","Coffee",2010,1938.75
"R_CSA","Corn",2010,378.25
"R_CSA","Rice",2010,340.216156369601
"R_SSA","Cocoa",2010,1210.34934811621
"R_SSA","Coffee",2010,846
"R_SSA","Corn",2010,274.8
"R_SSA","Palm Oil",2010,979.3
"R_SSA","Rice",2010,368.95
"R_OEU","Corn",2010,210.1
"R_OEU","Soyabean",2010,422.7
"R_OEU","Wheat",2010,210.6
"R_OEU","Wheat",2010,210.6
"R_OEU","Corn",2010,210.1
"R_OEU","Wheat",2010,210.6
"DNK","Wheat",2010,175
"R_CSA","Cocoa",2010,2146
"R_CSA","Coffee",2010,1938.75
"R_CSA","Corn",2010,378.25
"R_CSA","Rice",2010,340.216156369601
"R_CSA","Cocoa",2010,2146
"R_CSA","Coffee",2010,1938.75
"R_CSA","Corn",2010,378.25
"R_CSA","Rice",2010,340.216156369601
"R_CSA","Soyabean",2010,422.176875455208
"R_CSA","Wheat",2010,281.55
"R_NMC","Corn",2010,276.8
"R_NMC","Rice",2010,394.65
"R_NMC","Soyabean",2010,414.2
"R_NMC","Wheat",2010,311
"R_CSA","Cocoa",2010,2146
"R_CSA","Corn",2010,378.25
"R_CSA","Rice",2010,340.216156369601
"R_OEU","Wheat",2010,210.6
"ETH","Corn",2010,169.3
"ETH","Rice",2010,417
"ETH","Soyabean",2010,262.3
"ETH","Wheat",2010,295.6
"R_ASP","Corn",2010,263.3
"FIN","Wheat",2010,194.7
"R_OEU","Corn",2010,210.1
"R_OEU","Rice",2010,355.65
"R_OEU","Soyabean",2010,422.7
"R_OEU","Wheat",2010,210.6
"R_SSA","Corn",2010,274.8
"R_SSA","Palm Oil",2010,979.3
"R_SSA","Rice",2010,368.95
"R_NMC","Corn",2010,276.8
"R_NMC","Soyabean",2010,414.2
"R_NMC","Wheat",2010,311
"DEU","Corn",2010,207.9
"DEU","Wheat",2010,198.7
"R_SSA","Cocoa",2010,1210.34934811621
"R_SSA","Corn",2010,274.8
"R_SSA","Palm Oil",2010,979.3
"R_SSA","Rice",2010,368.95
"GRC","Corn",2010,275
"GRC","Rice",2010,283.3
"GRC","Wheat",2010,210.8
"R_OEU","Corn",2010,210.1
"R_OEU","Soyabean",2010,422.7
"R_OEU","Wheat",2010,210.6
"IDN","Cocoa",2010,2079.4
"IDN","Coffee",2010,1536.7
"IDN","Corn",2010,322.7
"IDN","Rice",2010,299.3
"IDN","Soyabean",2010,738.4
"R_NMC","Corn",2010,276.8
"R_NMC","Rice",2010,394.65
"R_NMC","Soyabean",2010,414.2
"R_NMC","Wheat",2010,311
"IRL","Wheat",2010,210.7
"R_NMC","Corn",2010,276.8
"R_NMC","Wheat",2010,311
"R_OEU","Corn",2010,210.1
"R_OEU","Rice",2010,355.65
"R_OEU","Wheat",2010,210.6
"R_CSA","Cocoa",2010,2146
"R_CSA","Coffee",2010,1938.75
"R_CSA","Corn",2010,378.25
"R_ASP","Rice",2010,289.5
"R_ASP","Soyabean",2010,629.4
"R_ASP","Wheat",2010,359.184607384295
"R_NMC","Corn",2010,276.8
"R_NMC","Wheat",2010,311
"R_NMC","Corn",2010,276.8
"R_NMC","Rice",2010,394.65
"R_NMC","Soyabean",2010,414.2
"R_NMC","Wheat",2010,311
"R_SSA","Coffee",2010,846
"R_SSA","Corn",2010,274.8
"R_SSA","Rice",2010,368.95
"R_SSA","Wheat",2010,341.9
"R_NMC","Corn",2010,276.8
"R_NMC","Rice",2010,394.65
"R_NMC","Wheat",2010,311
"R_OEU","Wheat",2010,210.6
"R_OEU","Corn",2010,210.1
"R_OEU","Wheat",2010,210.6
"R_OEU","Corn",2010,210.1
"R_OEU","Wheat",2010,210.6
"R_SSA","Corn",2010,274.8
"R_SSA","Rice",2010,368.95
"R_SSA","Corn",2010,274.8
"R_SSA","Rice",2010,368.95
"R_SSA","Soyabean",2010,385.2
"R_ASP","Cocoa",2010,1896.95
"R_ASP","Corn",2010,263.3
"R_ASP","Palm Oil",2010,838.5
"R_ASP","Rice",2010,289.5
"R_SSA","Corn",2010,274.8
"R_SSA","Rice",2010,368.95
"MEX","Cocoa",2010,2965.6
"MEX","Coffee",2010,340.2
"MEX","Corn",2010,222.9
"MEX","Rice",2010,251.4
"MEX","Soyabean",2010,433.3
"MEX","Wheat",2010,213.3
"R_ASP","Wheat",2010,359.184607384295
"R_NMC","Corn",2010,276.8
"R_NMC","Wheat",2010,311
"NPL","Coffee",2010,1474.2
"NPL","Corn",2010,289
"NPL","Rice",2010,292.5
"NPL","Soyabean",2010,726
"NPL","Wheat",2010,270.1
"R_OEU","Wheat",2010,210.6
"R_ASP","Corn",2010,263.3
"R_ASP","Wheat",2010,359.184607384295
"R_CSA","Cocoa",2010,2146
"R_CSA","Corn",2010,378.25
"R_CSA","Rice",2010,340.216156369601
"R_CSA","Soyabean",2010,422.176875455208
"R_SSA","Corn",2010,274.8
"R_SSA","Rice",2010,368.95
"R_SSA","Cocoa",2010,1210.34934811621
"R_SSA","Coffee",2010,846
"R_SSA","Corn",2010,274.8
"R_SSA","Palm Oil",2010,979.3
"R_SSA","Rice",2010,368.95
"R_SSA","Soyabean",2010,385.2
"R_SSA","Wheat",2010,341.9
"R_NEU","Corn",2010,225.2
"R_NEU","Rice",2010,459.1
"R_NEU","Soyabean",2010,464.6
"R_NEU","Wheat",2010,202.5
"NOR","Wheat",2010,382.4
"R_NMC","Corn",2010,276.8
"R_NMC","Soyabean",2010,414.2
"R_NMC","Wheat",2010,311
"R_NMC","Corn",2010,276.8
"R_NMC","Wheat",2010,311
"R_CSA","Coffee",2010,1938.75
"R_CSA","Corn",2010,378.25
"R_CSA","Rice",2010,340.216156369601
"R_CSA","Corn",2010,378.25
"R_CSA","Rice",2010,340.216156369601
"R_CSA","Soyabean",2010,422.176875455208
"R_CSA","Wheat",2010,281.55
"R_CSA","Cocoa",2010,2146
"R_CSA","Coffee",2010,1938.75
"R_CSA","Corn",2010,378.25
"R_CSA","Rice",2010,340.216156369601
"R_CSA","Soyabean",2010,422.176875455208
"R_CSA","Wheat",2010,281.55
"R_ASP","Cocoa",2010,1896.95
"R_ASP","Coffee",2010,1545.45
"R_ASP","Corn",2010,263.3
"R_ASP","Rice",2010,289.5
"R_OEU","Corn",2010,210.1
"R_OEU","Wheat",2010,210.6
"R_OEU","Corn",2010,210.1
"R_OEU","Rice",2010,355.65
"R_OEU","Wheat",2010,210.6
"R_ASP","Corn",2010,263.3
"R_ASP","Rice",2010,289.5
"R_ASP","Soyabean",2010,629.4
"R_NEU","Corn",2010,225.2
"R_NEU","Wheat",2010,202.5
"R_OEU","Corn",2010,210.1
"R_OEU","Soyabean",2010,422.7
"R_OEU","Wheat",2010,210.6
"RUS","Corn",2010,154.1
"RUS","Rice",2010,364.6
"RUS","Soyabean",2010,375.1
"RUS","Wheat",2010,127.3
"RWA","Coffee",2010,1043.84844050828
"RWA","Corn",2010,313.4
"RWA","Rice",2010,979
"RWA","Soyabean",2010,588.3
"RWA","Wheat",2010,580
"R_NMC","Coffee",2010,6750.85
"R_NMC","Wheat",2010,311
"R_SSA","Corn",2010,274.8
"R_SSA","Rice",2010,368.95
"R_NEU","Corn",2010,225.2
"R_NEU","Soyabean",2010,464.6
"R_NEU","Wheat",2010,202.5
"R_OEU","Corn",2010,210.1
"R_OEU","Soyabean",2010,422.7
"R_OEU","Wheat",2010,210.6
"R_OEU","Corn",2010,210.1
"R_OEU","Wheat",2010,210.6
"R_SSA","Corn",2010,274.8
"R_SSA","Soyabean",2010,385.2
"R_SSA","Wheat",2010,341.9
"R_OEU","Corn",2010,210.1
"R_OEU","Rice",2010,355.65
"R_OEU","Soyabean",2010,422.7
"R_OEU","Wheat",2010,210.6
"R_ASP","Coffee",2010,1545.45
"R_ASP","Corn",2010,263.3
"R_ASP","Rice",2010,289.5
"R_ASP","Soyabean",2010,629.4
"R_CSA","Corn",2010,378.25
"R_CSA","Rice",2010,340.216156369601
"R_CSA","Soyabean",2010,422.176875455208
"SWE","Wheat",2010,224.8
"R_NEU","Corn",2010,225.2
"R_NEU","Wheat",2010,202.5
"R_NMC","Corn",2010,276.8
"R_NMC","Rice",2010,394.65
"R_NMC","Wheat",2010,311
"R_ASP","Coffee",2010,1545.45
"R_ASP","Corn",2010,263.3
"R_ASP","Rice",2010,289.5
"R_ASP","Soyabean",2010,629.4
"R_SSA","Cocoa",2010,1210.34934811621
"R_SSA","Coffee",2010,846
"R_SSA","Corn",2010,274.8
"R_SSA","Rice",2010,368.95
"R_CSA","Rice",2010,340.216156369601
"R_NMC","Wheat",2010,311
"TUR","Corn",2010,310.7
"TUR","Rice",2010,775.9
"TUR","Soyabean",2010,571.6
"TUR","Wheat",2010,351.4
"R_OEU","Corn",2010,210.1
"R_OEU","Rice",2010,355.65
"R_OEU","Soyabean",2010,422.7
"R_OEU","Wheat",2010,210.6
"GBR","Wheat",2010,204
"R_SSA","Corn",2010,274.8
"USA","Coffee",2010,7165
"USA","Corn",2010,204
"USA","Rice",2010,280
"USA","Soyabean",2010,415
"USA","Wheat",2010,209
"R_CSA","Corn",2010,378.25
"R_CSA","Rice",2010,340.216156369601
"R_CSA","Soyabean",2010,422.176875455208
"R_CSA","Wheat",2010,281.55
"R_CSA","Cocoa",2010,2146
"R_CSA","Coffee",2010,1938.75
"R_CSA","Corn",2010,378.25
"R_CSA","Rice",2010,340.216156369601
"R_CSA","Soyabean",2010,422.176875455208
"R_ASP","Coffee",2010,1545.45
"R_ASP","Corn",2010,263.3
"R_ASP","Rice",2010,289.5
"R_NMC","Coffee",2010,6750.85
"R_NMC","Corn",2010,276.8
"R_NMC","Wheat",2010,311
"R_SSA","Corn",2010,274.8
"R_SSA","Rice",2010,368.95
"R_SSA","Corn",2010,274.8
"R_SSA","Soyabean",2010,385.2
"R_SSA","Wheat",2010,341.9
"R_NEU","Corn",2015,171.8
"R_NEU","Soyabean",2015,338.5
"R_NEU","Wheat",2015,191
"R_NMC","Wheat",2015,317.9
"R_NMC","Wheat",2015,317.9
"AUS","Corn",2015,247.9
"AUS","Rice",2015,296.7
"AUS","Wheat",2015,225.4
"R_OEU","Corn",2015,157.15
"R_OEU","Soyabean",2015,357.05
"R_OEU","Wheat",2015,173
"R_NMC","Corn",2015,307.336796973518
"R_NMC","Rice",2015,394.3
"R_NMC","Wheat",2015,317.9
"R_ASP","Corn",2015,281.7
"R_ASP","Rice",2015,333.7
"R_ASP","Soyabean",2015,520.4
"R_ASP","Wheat",2015,279.1
"R_NEU","Corn",2015,171.8
"R_NEU","Wheat",2015,191
"R_OEU","Wheat",2015,173
"R_ASP","Corn",2015,281.7
"R_ASP","Rice",2015,333.7
"R_ASP","Soyabean",2015,520.4
"R_ASP","Wheat",2015,279.1
"R_CSA","Cocoa",2015,2345.15
"R_CSA","Coffee",2015,2726.55
"R_CSA","Corn",2015,419.65
"R_CSA","Rice",2015,343.9
"R_CSA","Soyabean",2015,466.45
"R_CSA","Wheat",2015,285.8
"R_NEU","Corn",2015,171.8
"R_NEU","Soyabean",2015,338.5
"R_NEU","Wheat",2015,191
"BRA","Cocoa",2015,1430.2
"BRA","Coffee",2015,2122.8
"BRA","Corn",2015,138.3
"BRA","Rice",2015,241.2
"BRA","Soyabean",2015,317.1
"R_ASP","Corn",2015,281.7
"R_ASP","Rice",2015,333.7
"R_OEU","Corn",2015,157.15
"R_OEU","Rice",2015,339.9
"R_OEU","Soyabean",2015,357.05
"R_OEU","Wheat",2015,173
"R_SSA","Corn",2015,254.5
"CAN","Corn",2015,150.4
"CAN","Soyabean",2015,329.6
"CAN","Wheat",2015,181.4
"R_CSA","Corn",2015,419.65
"R_CSA","Rice",2015,343.9
"R_CSA","Wheat",2015,285.8
"CHN","Corn",2015,432.4
"CHN","Palm Oil",2015,1038
"CHN","Soyabean",2015,808.2
"COL","Cocoa",2015,2588.3
"COL","Coffee",2015,2091.5
"COL","Corn",2015,321.5
"COL","Palm Oil",2015,774.1
"COL","Rice",2015,439.7
"COL","Soyabean",2015,462.3
"COL","Wheat",2015,281.5
"R_CSA","Coffee",2015,2726.55
"R_CSA","Corn",2015,419.65
"R_CSA","Rice",2015,343.9
"R_OEU","Corn",2015,157.15
"R_OEU","Soyabean",2015,357.05
"R_OEU","Wheat",2015,173
"R_OEU","Wheat",2015,173
"R_OEU","Corn",2015,157.15
"R_OEU","Wheat",2015,173
"DNK","Wheat",2015,170.8
"R_CSA","Cocoa",2015,2345.15
"R_CSA","Coffee",2015,2726.55
"R_CSA","Corn",2015,419.65
"R_CSA","Rice",2015,343.9
"R_CSA","Cocoa",2015,2345.15
"R_CSA","Coffee",2015,2726.55
"R_CSA","Corn",2015,419.65
"R_CSA","Rice",2015,343.9
"R_CSA","Soyabean",2015,466.45
"R_CSA","Wheat",2015,285.8
"R_NMC","Corn",2015,307.336796973518
"R_NMC","Rice",2015,394.3
"R_NMC","Soyabean",2015,568.3
"R_NMC","Wheat",2015,317.9
"R_CSA","Cocoa",2015,2345.15
"R_CSA","Coffee",2015,2726.55
"R_CSA","Corn",2015,419.65
"R_CSA","Rice",2015,343.9
"R_OEU","Wheat",2015,173
"ETH","Corn",2015,199.3
"ETH","Rice",2015,412.6
"ETH","Soyabean",2015,292.461444308446
"ETH","Wheat",2015,390.994905048634
"R_ASP","Cocoa",2015,2021.8
"R_ASP","Corn",2015,281.7
"R_ASP","Rice",2015,333.7
"FIN","Wheat",2015,187.4
"R_OEU","Corn",2015,157.15
"R_OEU","Rice",2015,339.9
"R_OEU","Soyabean",2015,357.05
"R_OEU","Wheat",2015,173
"R_NMC","Corn",2015,307.336796973518
"R_NMC","Wheat",2015,317.9
"DEU","Corn",2015,174.1
"DEU","Palm Oil",2015,574.3
"DEU","Wheat",2015,179.7
"GRC","Corn",2015,233.2
"GRC","Rice",2015,254.3
"GRC","Wheat",2015,256.7
"R_OEU","Corn",2015,157.15
"R_OEU","Rice",2015,339.9
"R_OEU","Soyabean",2015,357.05
"R_OEU","Wheat",2015,173
"IDN","Cocoa",2015,1742.8
"IDN","Coffee",2015,1429.1
"IDN","Corn",2015,282.2
"IDN","Rice",2015,404.174861751152
"IDN","Soyabean",2015,621.9
"R_NMC","Corn",2015,307.336796973518
"R_NMC","Rice",2015,394.3
"R_NMC","Soyabean",2015,568.3
"R_NMC","Wheat",2015,317.9
"R_NMC","Corn",2015,307.336796973518
"R_NMC","Rice",2015,394.3
"R_NMC","Wheat",2015,317.9
"R_NMC","Corn",2015,307.336796973518
"R_NMC","Wheat",2015,317.9
"R_OEU","Corn",2015,157.15
"R_OEU","Rice",2015,339.9
"R_OEU","Wheat",2015,173
"R_CSA","Cocoa",2015,2345.15
"R_CSA","Coffee",2015,2726.55
"R_CSA","Corn",2015,419.65
"R_CSA","Rice",2015,343.9
"R_ASP","Rice",2015,333.7
"R_ASP","Soyabean",2015,520.4
"R_ASP","Wheat",2015,279.1
"R_NMC","Corn",2015,307.336796973518
"R_NMC","Corn",2015,307.336796973518
"R_NMC","Rice",2015,394.3
"R_NMC","Soyabean",2015,568.3
"R_NMC","Wheat",2015,317.9
"R_SSA","Coffee",2015,3817.5
"R_SSA","Corn",2015,254.5
"R_SSA","Rice",2015,479.6
"R_SSA","Wheat",2015,431.4
"R_NMC","Corn",2015,307.336796973518
"R_NMC","Wheat",2015,317.9
"R_NMC","Corn",2015,307.336796973518
"R_NMC","Rice",2015,394.3
"R_NMC","Wheat",2015,317.9
"R_OEU","Wheat",2015,173
"R_NMC","Corn",2015,307.336796973518
"R_NMC","Wheat",2015,317.9
"R_OEU","Corn",2015,157.15
"R_OEU","Wheat",2015,173
"R_OEU","Corn",2015,157.15
"R_OEU","Wheat",2015,173
"R_SSA","Corn",2015,254.5
"R_SSA","Rice",2015,479.6
"R_SSA","Soyabean",2015,550
"R_ASP","Cocoa",2015,2021.8
"R_ASP","Corn",2015,281.7
"R_ASP","Palm Oil",2015,551.4
"R_ASP","Rice",2015,333.7
"R_SSA","Corn",2015,254.5
"R_SSA","Rice",2015,479.6
"MEX","Cocoa",2015,2331.4
"MEX","Coffee",2015,328.4
"MEX","Corn",2015,216
"MEX","Rice",2015,226.7
"MEX","Soyabean",2015,366
"MEX","Wheat",2015,240.9
"R_ASP","Wheat",2015,279.1
"R_NMC","Corn",2015,307.336796973518
"R_NMC","Wheat",2015,317.9
"R_SSA","Corn",2015,254.5
"R_SSA","Rice",2015,479.6
"R_SSA","Wheat",2015,431.4
"NPL","Coffee",2015,1489.4
"NPL","Corn",2015,273.4
"NPL","Rice",2015,265.2
"NPL","Soyabean",2015,919.9
"NPL","Wheat",2015,272.2
"R_OEU","Wheat",2015,173
"R_ASP","Coffee",2015,1805.55
"R_ASP","Corn",2015,281.7
"R_ASP","Wheat",2015,279.1
"R_NEU","Corn",2015,171.8
"R_NEU","Rice",2015,417.6
"R_NEU","Soyabean",2015,338.5
"R_NEU","Wheat",2015,191
"NOR","Wheat",2015,347.5
"R_NMC","Corn",2015,307.336796973518
"R_NMC","Wheat",2015,317.9
"R_NMC","Rice",2015,394.3
"R_NMC","Wheat",2015,317.9
"R_NMC","Corn",2015,307.336796973518
"R_NMC","Wheat",2015,317.9
"R_CSA","Coffee",2015,2726.55
"R_CSA","Corn",2015,419.65
"R_CSA","Rice",2015,343.9
"R_CSA","Corn",2015,419.65
"R_CSA","Rice",2015,343.9
"R_CSA","Soyabean",2015,466.45
"R_CSA","Wheat",2015,285.8
"R_CSA","Cocoa",2015,2345.15
"R_CSA","Coffee",2015,2726.55
"R_CSA","Corn",2015,419.65
"R_CSA","Rice",2015,343.9
"R_CSA","Soyabean",2015,466.45
"R_CSA","Wheat",2015,285.8
"R_ASP","Cocoa",2015,2021.8
"R_ASP","Coffee",2015,1805.55
"R_ASP","Corn",2015,281.7
"R_ASP","Rice",2015,333.7
"R_ASP","Soyabean",2015,520.4
"R_OEU","Corn",2015,157.15
"R_OEU","Wheat",2015,173
"R_OEU","Corn",2015,157.15
"R_OEU","Rice",2015,339.9
"R_OEU","Wheat",2015,173
"R_ASP","Rice",2015,333.7
"R_NEU","Corn",2015,171.8
"R_NEU","Soyabean",2015,338.5
"R_NEU","Wheat",2015,191
"R_OEU","Corn",2015,157.15
"R_OEU","Soyabean",2015,357.05
"R_OEU","Wheat",2015,173
"RUS","Corn",2015,128.9
"RUS","Rice",2015,322.5
"RUS","Soyabean",2015,312.3
"RUS","Wheat",2015,143.9
"RWA","Coffee",2015,277.4
"RWA","Corn",2015,323.1
"RWA","Rice",2015,891.6
"RWA","Soyabean",2015,661
"RWA","Wheat",2015,640.7
"R_NMC","Coffee",2015,8543.62856053712
"R_NMC","Wheat",2015,317.9
"R_NEU","Corn",2015,171.8
"R_NEU","Soyabean",2015,338.5
"R_NEU","Wheat",2015,191
"R_SSA","Corn",2015,254.5
"R_SSA","Palm Oil",2015,NA
"R_SSA","Rice",2015,479.6
"R_OEU","Corn",2015,157.15
"R_OEU","Soyabean",2015,357.05
"R_OEU","Wheat",2015,173
"R_OEU","Corn",2015,157.15
"R_OEU","Soyabean",2015,357.05
"R_OEU","Wheat",2015,173
"R_SSA","Corn",2015,254.5
"R_SSA","Soyabean",2015,550
"R_SSA","Wheat",2015,431.4
"R_OEU","Corn",2015,157.15
"R_OEU","Rice",2015,339.9
"R_OEU","Soyabean",2015,357.05
"R_OEU","Wheat",2015,173
"R_ASP","Cocoa",2015,2021.8
"R_ASP","Coffee",2015,1805.55
"R_ASP","Corn",2015,281.7
"R_ASP","Rice",2015,333.7
"R_ASP","Soyabean",2015,520.4
"R_CSA","Corn",2015,419.65
"R_CSA","Rice",2015,343.9
"R_CSA","Soyabean",2015,466.45
"SWE","Wheat",2015,167.4
"R_NEU","Corn",2015,171.8
"R_NEU","Wheat",2015,191
"R_NMC","Rice",2015,394.3
"R_NMC","Wheat",2015,317.9
"R_ASP","Coffee",2015,1805.55
"R_ASP","Corn",2015,281.7
"R_ASP","Rice",2015,333.7
"R_ASP","Soyabean",2015,520.4
"R_SSA","Corn",2015,254.5
"R_SSA","Rice",2015,479.6
"R_CSA","Rice",2015,343.9
"R_NMC","Wheat",2015,317.9
"TUR","Corn",2015,241.7
"TUR","Rice",2015,627.5
"TUR","Soyabean",2015,401.5
"TUR","Wheat",2015,285.3
"R_OEU","Corn",2015,157.15
"R_OEU","Rice",2015,339.9
"R_OEU","Soyabean",2015,357.05
"R_OEU","Wheat",2015,173
"GBR","Wheat",2015,189.4
"R_SSA","Corn",2015,254.5
"R_SSA","Rice",2015,479.6
"R_SSA","Soyabean",2015,550
"R_SSA","Wheat",2015,431.4
"USA","Coffee",2015,11554.9058837646
"USA","Corn",2015,142
"USA","Rice",2015,269
"USA","Soyabean",2015,329
"USA","Wheat",2015,180
"R_CSA","Corn",2015,419.65
"R_CSA","Rice",2015,343.9
"R_CSA","Soyabean",2015,466.45
"R_CSA","Wheat",2015,285.8
"R_ASP","Coffee",2015,1805.55
"R_ASP","Corn",2015,281.7
"R_ASP","Rice",2015,333.7
"R_ASP","Soyabean",2015,520.4
"R_NMC","Coffee",2015,8543.62856053712
"R_NMC","Corn",2015,307.336796973518
"R_NMC","Wheat",2015,317.9
"R_SSA","Corn",2015,254.5
"R_SSA","Rice",2015,479.6
"R_SSA","Corn",2015,254.5
"R_SSA","Soyabean",2015,550
"R_SSA","Wheat",2015,431.4
"R_NEU","Corn",2020,215.7
"R_NEU","Soyabean",2020,378.45
"R_NEU","Wheat",2020,176.4
"R_NMC","Wheat",2020,296.085936222404
"R_NMC","Wheat",2020,296.085936222404
"AUS","Corn",2020,266.51600877193
"AUS","Rice",2020,517.730057911452
"AUS","Wheat",2020,235.2
"R_OEU","Corn",2020,172.25
"R_OEU","Soyabean",2020,393.7
"R_OEU","Wheat",2020,192.1
"R_NMC","Corn",2020,282
"R_NMC","Rice",2020,665.15
"R_NMC","Wheat",2020,296.085936222404
"R_ASP","Corn",2020,275.2
"R_ASP","Rice",2020,337.7
"R_ASP","Soyabean",2020,552.85
"R_ASP","Wheat",2020,285
"R_NEU","Corn",2020,215.7
"R_NEU","Wheat",2020,176.4
"R_OEU","Wheat",2020,192.1
"R_CSA","Corn",2020,333.4
"R_CSA","Rice",2020,367.45
"R_CSA","Soyabean",2020,507.7
"R_SSA","Corn",2020,283.115572436245
"R_SSA","Rice",2020,367.304426624943
"R_ASP","Rice",2020,337.7
"R_NEU","Corn",2020,215.7
"R_NEU","Soyabean",2020,378.45
"R_NEU","Wheat",2020,176.4
"BRA","Cocoa",2020,1124.51028575082
"BRA","Coffee",2020,1428.2
"BRA","Corn",2020,135.1
"BRA","Rice",2020,203.4
"BRA","Soyabean",2020,269.3
"BRA","Wheat",2020,207.1
"R_ASP","Corn",2020,275.2
"R_ASP","Rice",2020,337.7
"R_OEU","Corn",2020,172.25
"R_OEU","Rice",2020,405.55
"R_OEU","Soyabean",2020,393.7
"R_OEU","Wheat",2020,192.1
"R_SSA","Corn",2020,283.115572436245
"R_SSA","Corn",2020,283.115572436245
"CAN","Corn",2020,158.6
"CAN","Soyabean",2020,342.4
"CAN","Wheat",2020,181.9
"R_CSA","Corn",2020,333.4
"R_CSA","Rice",2020,367.45
"R_CSA","Wheat",2020,247.2
"CHN","Corn",2020,419.4
"CHN","Palm Oil",2020,1289.7
"CHN","Rice",2020,413.6
"CHN","Soyabean",2020,769.2
"CHN","Wheat",2020,322.04632012352
"COL","Coffee",2020,3204.67853002642
"COL","Corn",2020,364.9
"COL","Palm Oil",2020,728.6
"COL","Rice",2020,574.545445425361
"COL","Wheat",2020,513.812480739599
"R_CSA","Corn",2020,333.4
"R_CSA","Rice",2020,367.45
"R_OEU","Corn",2020,172.25
"R_OEU","Soyabean",2020,393.7
"R_OEU","Wheat",2020,192.1
"R_OEU","Wheat",2020,192.1
"R_OEU","Corn",2020,172.25
"R_OEU","Wheat",2020,192.1
"DNK","Wheat",2020,189.5
"R_CSA","Cocoa",2020,2029.75
"R_CSA","Coffee",2020,2886.6
"R_CSA","Corn",2020,333.4
"R_CSA","Rice",2020,367.45
"R_CSA","Cocoa",2020,2029.75
"R_CSA","Corn",2020,333.4
"R_CSA","Palm Oil",2020,NA
"R_CSA","Rice",2020,367.45
"R_CSA","Soyabean",2020,507.7
"R_CSA","Wheat",2020,247.2
"R_NMC","Corn",2020,282
"R_NMC","Wheat",2020,296.085936222404
"R_CSA","Cocoa",2020,2029.75
"R_CSA","Coffee",2020,2886.6
"R_CSA","Corn",2020,333.4
"R_CSA","Rice",2020,367.45
"R_OEU","Wheat",2020,192.1
"R_ASP","Cocoa",2020,1945.35
"R_ASP","Corn",2020,275.2
"R_ASP","Rice",2020,337.7
"FIN","Wheat",2020,195.3
"R_OEU","Corn",2020,172.25
"R_OEU","Rice",2020,405.55
"R_OEU","Soyabean",2020,393.7
"R_OEU","Wheat",2020,192.1
"R_SSA","Corn",2020,283.115572436245
"R_SSA","Rice",2020,367.304426624943
"R_NMC","Corn",2020,282
"R_NMC","Wheat",2020,296.085936222404
"DEU","Corn",2020,190.2
"DEU","Palm Oil",2020,710.4
"DEU","Soyabean",2020,NA
"DEU","Wheat",2020,196.6
"R_SSA","Corn",2020,283.115572436245
"R_SSA","Rice",2020,367.304426624943
"GRC","Corn",2020,242.9
"GRC","Rice",2020,286.2
"GRC","Wheat",2020,252
"R_SSA","Cocoa",2020,998.9
"R_SSA","Coffee",2020,1129.3
"R_SSA","Corn",2020,283.115572436245
"R_SSA","Rice",2020,367.304426624943
"R_OEU","Corn",2020,172.25
"R_OEU","Soyabean",2020,393.7
"R_OEU","Wheat",2020,192.1
"IDN","Cocoa",2020,1402.2
"IDN","Coffee",2020,1399.2
"IDN","Corn",2020,335.2
"IDN","Rice",2020,355.8
"IDN","Soyabean",2020,615.4
"R_NMC","Corn",2020,282
"R_NMC","Rice",2020,665.15
"R_NMC","Soyabean",2020,563.768418418418
"R_NMC","Wheat",2020,296.085936222404
"R_NMC","Corn",2020,282
"R_NMC","Rice",2020,665.15
"R_NMC","Wheat",2020,296.085936222404
"IRL","Wheat",2020,197.4
"R_NMC","Corn",2020,282
"R_NMC","Wheat",2020,296.085936222404
"R_OEU","Corn",2020,172.25
"R_OEU","Rice",2020,405.55
"R_OEU","Wheat",2020,192.1
"R_CSA","Cocoa",2020,2029.75
"R_CSA","Coffee",2020,2886.6
"R_CSA","Corn",2020,333.4
"R_ASP","Rice",2020,337.7
"R_ASP","Soyabean",2020,552.85
"R_ASP","Wheat",2020,285
"R_NMC","Corn",2020,282
"R_NMC","Wheat",2020,296.085936222404
"R_NMC","Corn",2020,282
"R_NMC","Rice",2020,665.15
"R_NMC","Soyabean",2020,563.768418418418
"R_NMC","Wheat",2020,296.085936222404
"R_SSA","Coffee",2020,1129.3
"R_SSA","Corn",2020,283.115572436245
"R_SSA","Rice",2020,367.304426624943
"R_SSA","Wheat",2020,331.4
"R_NMC","Corn",2020,282
"R_NMC","Wheat",2020,296.085936222404
"R_NMC","Corn",2020,282
"R_NMC","Rice",2020,665.15
"R_NMC","Wheat",2020,296.085936222404
"R_OEU","Wheat",2020,192.1
"R_SSA","Corn",2020,283.115572436245
"R_SSA","Wheat",2020,331.4
"R_OEU","Corn",2020,172.25
"R_OEU","Wheat",2020,192.1
"R_OEU","Corn",2020,172.25
"R_OEU","Wheat",2020,192.1
"R_ASP","Cocoa",2020,1945.35
"R_ASP","Palm Oil",2020,638.9
"R_ASP","Rice",2020,337.7
"R_SSA","Corn",2020,283.115572436245
"R_SSA","Rice",2020,367.304426624943
"MEX","Cocoa",2020,1885.1
"MEX","Coffee",2020,250.6
"MEX","Corn",2020,195
"MEX","Rice",2020,232.1
"MEX","Soyabean",2020,367.9
"MEX","Wheat",2020,223.6
"R_ASP","Wheat",2020,285
"R_NMC","Corn",2020,282
"R_NMC","Wheat",2020,296.085936222404
"R_SSA","Corn",2020,283.115572436245
"R_SSA","Rice",2020,367.304426624943
"R_SSA","Wheat",2020,331.4
"R_SSA","Corn",2020,283.115572436245
"R_SSA","Wheat",2020,331.4
"NPL","Corn",2020,272.1
"NPL","Rice",2020,262.5
"NPL","Soyabean",2020,708
"NPL","Wheat",2020,295.2
"R_OEU","Wheat",2020,192.1
"R_ASP","Corn",2020,275.2
"R_ASP","Wheat",2020,285
"R_ASP","Corn",2020,275.2
"R_ASP","Wheat",2020,285
"R_CSA","Cocoa",2020,2029.75
"R_CSA","Coffee",2020,2886.6
"R_CSA","Corn",2020,333.4
"R_SSA","Corn",2020,283.115572436245
"R_SSA","Rice",2020,367.304426624943
"R_SSA","Wheat",2020,331.4
"R_SSA","Corn",2020,283.115572436245
"R_SSA","Rice",2020,367.304426624943
"R_NEU","Corn",2020,215.7
"R_NEU","Rice",2020,345.7
"R_NEU","Wheat",2020,176.4
"NOR","Wheat",2020,373.4
"R_NMC","Corn",2020,282
"R_NMC","Wheat",2020,296.085936222404
"R_NMC","Corn",2020,282
"R_NMC","Rice",2020,665.15
"R_NMC","Wheat",2020,296.085936222404
"R_NMC","Wheat",2020,296.085936222404
"R_CSA","Coffee",2020,2886.6
"R_CSA","Corn",2020,333.4
"R_CSA","Rice",2020,367.45
"R_CSA","Corn",2020,333.4
"R_CSA","Rice",2020,367.45
"R_CSA","Soyabean",2020,507.7
"R_CSA","Wheat",2020,247.2
"R_CSA","Cocoa",2020,2029.75
"R_CSA","Coffee",2020,2886.6
"R_CSA","Corn",2020,333.4
"R_CSA","Rice",2020,367.45
"R_CSA","Soyabean",2020,507.7
"R_CSA","Wheat",2020,247.2
"R_ASP","Cocoa",2020,1945.35
"R_ASP","Coffee",2020,1937.4
"R_ASP","Corn",2020,275.2
"R_ASP","Rice",2020,337.7
"R_ASP","Soyabean",2020,552.85
"R_OEU","Corn",2020,172.25
"R_OEU","Wheat",2020,192.1
"R_OEU","Corn",2020,172.25
"R_OEU","Rice",2020,405.55
"R_OEU","Wheat",2020,192.1
"R_NMC","Corn",2020,282
"R_NMC","Wheat",2020,296.085936222404
"R_ASP","Rice",2020,337.7
"R_NEU","Corn",2020,215.7
"R_NEU","Soyabean",2020,378.45
"R_NEU","Wheat",2020,176.4
"R_OEU","Corn",2020,172.25
"R_OEU","Soyabean",2020,393.7
"R_OEU","Wheat",2020,192.1
"RUS","Corn",2020,150.9
"RUS","Rice",2020,258
"RUS","Soyabean",2020,372.5
"RUS","Wheat",2020,169.8
"RWA","Corn",2020,357.8
"RWA","Rice",2020,868.4
"RWA","Soyabean",2020,626.6
"RWA","Wheat",2020,587.7
"R_NMC","Corn",2020,282
"R_NMC","Wheat",2020,296.085936222404
"R_SSA","Corn",2020,283.115572436245
"R_SSA","Rice",2020,367.304426624943
"R_NEU","Corn",2020,215.7
"R_NEU","Soyabean",2020,378.45
"R_NEU","Wheat",2020,176.4
"R_OEU","Corn",2020,172.25
"R_OEU","Soyabean",2020,393.7
"R_OEU","Wheat",2020,192.1
"R_OEU","Corn",2020,172.25
"R_OEU","Soyabean",2020,393.7
"R_OEU","Wheat",2020,192.1
"R_SSA","Corn",2020,283.115572436245
"R_SSA","Soyabean",2020,284.4
"R_SSA","Wheat",2020,331.4
"R_OEU","Coffee",2020,NA
"R_OEU","Corn",2020,172.25
"R_OEU","Rice",2020,405.55
"R_OEU","Soyabean",2020,393.7
"R_OEU","Wheat",2020,192.1
"R_ASP","Cocoa",2020,1945.35
"R_ASP","Coffee",2020,1937.4
"R_ASP","Corn",2020,275.2
"R_ASP","Rice",2020,337.7
"R_ASP","Soyabean",2020,552.85
"R_CSA","Corn",2020,333.4
"R_CSA","Rice",2020,367.45
"R_CSA","Soyabean",2020,507.7
"SWE","Wheat",2020,169.6
"R_NEU","Corn",2020,215.7
"R_NEU","Rice",2020,345.7
"R_NEU","Wheat",2020,176.4
"R_ASP","Coffee",2020,1937.4
"R_ASP","Corn",2020,275.2
"R_ASP","Rice",2020,337.7
"R_ASP","Soyabean",2020,552.85
"R_ASP","Rice",2020,337.7
"R_SSA","Cocoa",2020,998.9
"R_SSA","Coffee",2020,1129.3
"R_SSA","Corn",2020,283.115572436245
"R_SSA","Rice",2020,367.304426624943
"R_SSA","Soyabean",2020,284.4
"R_CSA","Rice",2020,367.45
"R_NMC","Wheat",2020,296.085936222404
"TUR","Corn",2020,172.6
"TUR","Rice",2020,550.6
"TUR","Soyabean",2020,371.7
"TUR","Wheat",2020,214.3
"R_OEU","Corn",2020,172.25
"R_OEU","Rice",2020,405.55
"R_OEU","Soyabean",2020,393.7
"R_OEU","Wheat",2020,192.1
"GBR","Wheat",2020,212.5
"USA","Coffee",2020,10863.7105553512
"USA","Corn",2020,169
"USA","Rice",2020,295
"USA","Soyabean",2020,410
"USA","Wheat",2020,184
"R_CSA","Corn",2020,333.4
"R_CSA","Rice",2020,367.45
"R_CSA","Soyabean",2020,507.7
"R_CSA","Wheat",2020,247.2
"R_ASP","Coffee",2020,1937.4
"R_ASP","Corn",2020,275.2
"R_ASP","Rice",2020,337.7
"R_ASP","Soyabean",2020,552.85
"R_NMC","Corn",2020,282
"R_NMC","Wheat",2020,296.085936222404
"R_SSA","Corn",2020,283.115572436245
"R_SSA","Rice",2020,367.304426624943
